order_id,order_date,region,country,customer_segment,product_category,product_name,customer_name,salesperson,channel,revenue,gross_margin,units
SO-202501-0018,2025-01-01,Americas,USA,SMB,Hardware,Sensor Hub,Bluepeak Logistics,Noah Reed,Partner,58997.32,19512.77,120
SO-202501-0003,2025-01-02,EMEA,UK,Enterprise,Software,Analytics Suite,Clearline Manufacturing,Nora Hughes,Partner,82198.86,49147.72,147
SO-202501-0016,2025-01-02,Americas,USA,Enterprise,Services,Premium Support,Northstar Retail,Noah Reed,Online,249560.89,129023.31,117
SO-202501-0024,2025-01-04,Americas,Brazil,SMB,Hardware,Field Tablet,Brightlane Travel,Noah Reed,Partner,73932.14,24263.47,158
SO-202501-0005,2025-01-05,EMEA,Ireland,Enterprise,Hardware,Field Tablet,Aster Health,Luca Moretti,Direct,45681.65,14303.22,48
SO-202501-0017,2025-01-06,Americas,USA,Mid-Market,Software,Analytics Suite,Northstar Retail,Maya Brooks,Partner,10691.74,6404.16,24
SO-202501-0009,2025-01-07,EMEA,Germany,SMB,Hardware,Demo Kiosk,Oakfield Distribution,Tomas Berger,Direct,77275.90,22442.62,66
SO-202501-0023,2025-01-07,Americas,Brazil,SMB,Hardware,Field Tablet,Oakfield Distribution,Noah Reed,Direct,56354.51,16987.57,100
SO-202501-0001,2025-01-08,EMEA,UK,SMB,Hardware,Sensor Hub,Cedar Finance,Nora Hughes,Online,80039.05,28753.95,155
SO-202501-0010,2025-01-08,EMEA,France,SMB,Hardware,Field Tablet,Clearline Manufacturing,Nora Hughes,Direct,91996.59,27863.25,171
SO-202501-0004,2025-01-10,EMEA,Ireland,Enterprise,Software,Analytics Suite,Silvergate Media,Luca Moretti,Direct,23056.09,14569.85,40
SO-202501-0019,2025-01-10,Americas,Canada,Enterprise,Services,Premium Support,Northstar Retail,Maya Brooks,Partner,258361.50,137108.05,119
SO-202501-0027,2025-01-10,APAC,Japan,SMB,Services,Premium Support,Clearline Manufacturing,Kenji Sato,Online,147665.94,78892.60,120
SO-202501-0015,2025-01-11,EMEA,Netherlands,SMB,Hardware,Sensor Hub,Summit Foods,Nora Hughes,Online,59656.11,19774.32,126
SO-202501-0028,2025-01-13,APAC,Australia,SMB,Services,Enablement Workshop,Cedar Finance,Eva Chen,Direct,322880.29,154788.25,155
SO-202501-0025,2025-01-14,APAC,Japan,Enterprise,Software,Forecast Pro,Redwood Energy,Eva Chen,Partner,66046.18,38376.15,134
SO-202501-0002,2025-01-16,EMEA,UK,Enterprise,Hardware,Field Tablet,Greenbridge Services,Amira Shah,Partner,127224.45,41627.48,141
SO-202501-0006,2025-01-16,EMEA,Ireland,Mid-Market,Hardware,Sensor Hub,Bluepeak Logistics,Tomas Berger,Direct,80343.07,28068.94,105
SO-202501-0033,2025-01-16,APAC,Singapore,SMB,Hardware,Demo Kiosk,Summit Foods,Eva Chen,Partner,82227.31,24366.51,85
SO-202501-0008,2025-01-17,EMEA,Germany,Enterprise,Software,Forecast Pro,Bluepeak Logistics,Nora Hughes,Direct,69958.46,39645.60,129
SO-202501-0007,2025-01-18,EMEA,Germany,Mid-Market,Services,Data Migration,Clearline Manufacturing,Luca Moretti,Partner,506785.95,230375.03,159
SO-202501-0014,2025-01-18,EMEA,Netherlands,Enterprise,Services,Data Migration,Silvergate Media,Amira Shah,Direct,376552.95,170123.84,76
SO-202501-0013,2025-01-20,EMEA,Netherlands,Mid-Market,Services,Premium Support,Oakfield Distribution,Tomas Berger,Direct,73782.24,37288.99,38
SO-202501-0012,2025-01-21,EMEA,France,Mid-Market,Software,Pipeline IQ,Bluepeak Logistics,Luca Moretti,Online,7149.38,3711.67,29
SO-202501-0020,2025-01-21,Americas,Canada,SMB,Services,Premium Support,Oakfield Distribution,Maya Brooks,Online,123363.97,67877.44,110
SO-202501-0030,2025-01-22,APAC,Australia,Mid-Market,Hardware,Field Tablet,Summit Foods,Eva Chen,Online,63078.42,18840.59,102
SO-202501-0026,2025-01-23,APAC,Japan,SMB,Software,Pipeline IQ,Clearline Manufacturing,Eva Chen,Online,30526.24,17123.17,173
SO-202501-0021,2025-01-25,Americas,Canada,Mid-Market,Services,Enablement Workshop,Summit Foods,Noah Reed,Partner,157341.71,69353.18,70
SO-202501-0029,2025-01-25,APAC,Australia,Enterprise,Software,Forecast Pro,Aster Health,Priya Nair,Partner,45213.64,24978.82,104
SO-202501-0011,2025-01-27,EMEA,France,Enterprise,Services,Enablement Workshop,Harbor Telecom,Nora Hughes,Partner,162108.24,77858.48,51
SO-202501-0022,2025-01-27,Americas,Brazil,Enterprise,Software,Pipeline IQ,Northstar Retail,Noah Reed,Direct,19437.26,11032.54,43
SO-202501-0031,2025-01-27,APAC,Singapore,Mid-Market,Services,Premium Support,Silvergate Media,Kenji Sato,Online,237396.54,119707.30,140
SO-202501-0032,2025-01-27,APAC,Singapore,Mid-Market,Services,Data Migration,Oakfield Distribution,Priya Nair,Direct,20880.72,9100.12,6
SO-202502-0038,2025-02-01,EMEA,Ireland,SMB,Services,Premium Support,Silvergate Media,Luca Moretti,Direct,245960.33,133729.44,168
SO-202502-0041,2025-02-02,EMEA,Germany,SMB,Software,Analytics Suite,Clearline Manufacturing,Amira Shah,Online,22831.13,14352.79,91
SO-202502-0034,2025-02-05,EMEA,UK,Mid-Market,Services,Enablement Workshop,Oakfield Distribution,Luca Moretti,Partner,286284.80,131156.61,134
SO-202502-0060,2025-02-05,APAC,Japan,Enterprise,Services,Premium Support,Cedar Finance,Priya Nair,Online,322247.98,166504.60,136
SO-202502-0035,2025-02-07,EMEA,UK,Enterprise,Hardware,Field Tablet,Bluepeak Logistics,Amira Shah,Direct,96875.56,30251.89,103
SO-202502-0036,2025-02-07,EMEA,UK,SMB,Hardware,Demo Kiosk,Greenbridge Services,Nora Hughes,Partner,129433.37,34805.17,127
SO-202502-0043,2025-02-08,EMEA,France,SMB,Software,Pipeline IQ,Brightlane Travel,Amira Shah,Online,9175.59,5302.93,51
SO-202502-0056,2025-02-08,Americas,Brazil,Enterprise,Services,Premium Support,Clearline Manufacturing,Noah Reed,Online,118933.80,61561.50,60
SO-202502-0066,2025-02-09,APAC,Singapore,Enterprise,Hardware,Sensor Hub,Northstar Retail,Kenji Sato,Direct,152664.13,51087.55,145
SO-202502-0042,2025-02-10,EMEA,Germany,Enterprise,Services,Premium Support,Summit Foods,Amira Shah,Direct,277499.24,146982.82,95
SO-202502-0048,2025-02-10,EMEA,Netherlands,SMB,Hardware,Sensor Hub,Silvergate Media,Tomas Berger,Online,32952.35,10632.44,73
SO-202502-0058,2025-02-10,APAC,Japan,Enterprise,Software,Analytics Suite,Aster Health,Eva Chen,Online,61945.35,37696.38,121
SO-202502-0062,2025-02-10,APAC,Australia,Enterprise,Hardware,Field Tablet,Cedar Finance,Priya Nair,Partner,47520.57,14181.15,52
SO-202502-0039,2025-02-12,EMEA,Ireland,SMB,Hardware,Field Tablet,Northstar Retail,Tomas Berger,Direct,25127.00,8218.27,50
SO-202502-0046,2025-02-12,EMEA,Netherlands,Enterprise,Software,Pipeline IQ,Cedar Finance,Nora Hughes,Online,39642.16,21947.07,119
SO-202502-0064,2025-02-12,APAC,Singapore,Enterprise,Software,Forecast Pro,Aster Health,Eva Chen,Online,19601.71,10753.03,44
SO-202502-0045,2025-02-13,EMEA,France,Mid-Market,Software,Forecast Pro,Silvergate Media,Luca Moretti,Partner,50796.65,30370.80,133
SO-202502-0040,2025-02-14,EMEA,Germany,Enterprise,Services,Premium Support,Greenbridge Services,Luca Moretti,Online,378903.21,187155.14,180
SO-202502-0051,2025-02-14,Americas,USA,Mid-Market,Services,Premium Support,Summit Foods,Noah Reed,Partner,231865.93,126870.73,145
SO-202502-0059,2025-02-14,APAC,Japan,SMB,Hardware,Field Tablet,Greenbridge Services,Priya Nair,Direct,64897.58,21319.00,126
SO-202502-0065,2025-02-14,APAC,Singapore,SMB,Services,Data Migration,Bluepeak Logistics,Eva Chen,Online,324596.41,134002.21,169
SO-202502-0053,2025-02-16,Americas,Canada,Enterprise,Hardware,Demo Kiosk,Brightlane Travel,Noah Reed,Direct,44909.19,13029.16,21
SO-202502-0057,2025-02-18,Americas,Brazil,Enterprise,Services,Data Migration,Oakfield Distribution,Diego Lopez,Direct,734016.14,334267.38,156
SO-202502-0037,2025-02-19,EMEA,Ireland,Enterprise,Hardware,Field Tablet,Northstar Retail,Luca Moretti,Online,91011.02,28247.60,111
SO-202502-0044,2025-02-19,EMEA,France,Mid-Market,Services,Enablement Workshop,Cedar Finance,Tomas Berger,Direct,250998.49,116788.56,89
SO-202502-0052,2025-02-19,Americas,Canada,Mid-Market,Software,Analytics Suite,Northstar Retail,Maya Brooks,Partner,27469.81,17292.53,67
SO-202502-0061,2025-02-20,APAC,Australia,Enterprise,Services,Data Migration,Northstar Retail,Eva Chen,Partner,298281.68,132363.21,77
SO-202502-0047,2025-02-21,EMEA,Netherlands,Mid-Market,Hardware,Field Tablet,Northstar Retail,Luca Moretti,Partner,49681.20,15959.22,71
SO-202502-0049,2025-02-22,Americas,USA,SMB,Hardware,Field Tablet,Brightlane Travel,Noah Reed,Direct,38694.53,11854.77,68
SO-202502-0055,2025-02-23,Americas,Brazil,SMB,Software,Pipeline IQ,Northstar Retail,Noah Reed,Partner,25855.96,13728.96,121
SO-202502-0050,2025-02-24,Americas,USA,Mid-Market,Services,Data Migration,Cedar Finance,Diego Lopez,Partner,465989.86,194368.95,150
SO-202502-0054,2025-02-24,Americas,Canada,SMB,Software,Analytics Suite,Brightlane Travel,Noah Reed,Online,17295.29,10665.57,65
SO-202502-0063,2025-02-28,APAC,Australia,Enterprise,Hardware,Demo Kiosk,Greenbridge Services,Priya Nair,Online,138618.02,38958.61,78
SO-202503-0068,2025-03-03,EMEA,UK,Mid-Market,Software,Forecast Pro,Clearline Manufacturing,Luca Moretti,Online,24506.31,14997.57,72
SO-202503-0091,2025-03-04,APAC,Japan,SMB,Hardware,Field Tablet,Harbor Telecom,Kenji Sato,Partner,67360.87,21463.32,147
SO-202503-0094,2025-03-04,APAC,Australia,Mid-Market,Services,Data Migration,Silvergate Media,Kenji Sato,Online,168555.17,72659.00,62
SO-202503-0085,2025-03-05,Americas,Canada,Enterprise,Hardware,Demo Kiosk,Silvergate Media,Maya Brooks,Online,183911.08,51209.51,110
SO-202503-0069,2025-03-07,EMEA,UK,Enterprise,Hardware,Sensor Hub,Aster Health,Nora Hughes,Online,107510.93,37473.25,114
SO-202503-0082,2025-03-08,Americas,USA,Enterprise,Hardware,Field Tablet,Cedar Finance,Maya Brooks,Partner,116740.84,35652.48,142
SO-202503-0088,2025-03-09,Americas,Brazil,SMB,Hardware,Sensor Hub,Harbor Telecom,Noah Reed,Partner,73928.28,24276.64,139
SO-202503-0084,2025-03-11,Americas,USA,SMB,Software,Pipeline IQ,Bluepeak Logistics,Maya Brooks,Partner,24820.62,14378.07,118
SO-202503-0097,2025-03-11,APAC,Singapore,Enterprise,Services,Data Migration,Brightlane Travel,Kenji Sato,Partner,646260.68,283029.32,167
SO-202503-0070,2025-03-12,EMEA,Ireland,SMB,Services,Data Migration,Aster Health,Luca Moretti,Partner,31087.17,13775.37,14
SO-202503-0081,2025-03-12,EMEA,Netherlands,SMB,Hardware,Sensor Hub,Greenbridge Services,Amira Shah,Direct,98526.46,32597.44,174
SO-202503-0092,2025-03-12,APAC,Japan,SMB,Software,Pipeline IQ,Oakfield Distribution,Kenji Sato,Direct,12304.63,6503.23,59
SO-202503-0071,2025-03-13,EMEA,Ireland,Mid-Market,Software,Pipeline IQ,Oakfield Distribution,Nora Hughes,Partner,26814.26,14480.14,103
SO-202503-0073,2025-03-15,EMEA,Germany,Mid-Market,Software,Pipeline IQ,Clearline Manufacturing,Nora Hughes,Direct,8433.91,4487.71,29
SO-202503-0067,2025-03-16,EMEA,UK,SMB,Hardware,Sensor Hub,Brightlane Travel,Amira Shah,Direct,61329.45,21167.80,101
SO-202503-0074,2025-03-16,EMEA,Germany,Enterprise,Software,Analytics Suite,Summit Foods,Luca Moretti,Online,68588.05,42358.23,137
SO-202503-0076,2025-03-16,EMEA,France,SMB,Services,Enablement Workshop,Redwood Energy,Tomas Berger,Online,26538.42,11732.54,18
SO-202503-0083,2025-03-16,Americas,USA,SMB,Services,Premium Support,Silvergate Media,Noah Reed,Partner,167807.83,82736.99,128
SO-202503-0072,2025-03-17,EMEA,Ireland,Mid-Market,Services,Data Migration,Northstar Retail,Tomas Berger,Partner,40479.33,16954.41,14
SO-202503-0087,2025-03-18,Americas,Canada,Mid-Market,Services,Data Migration,Cedar Finance,Diego Lopez,Direct,649561.39,287735.92,173
SO-202503-0093,2025-03-18,APAC,Japan,Enterprise,Services,Enablement Workshop,Summit Foods,Priya Nair,Direct,303707.73,145496.37,81
SO-202503-0096,2025-03-18,APAC,Australia,SMB,Services,Data Migration,Clearline Manufacturing,Priya Nair,Partner,242753.72,103846.56,98
SO-202503-0090,2025-03-21,Americas,Brazil,Mid-Market,Hardware,Demo Kiosk,Northstar Retail,Maya Brooks,Partner,57014.05,15019.59,37
SO-202503-0078,2025-03-22,EMEA,France,SMB,Software,Analytics Suite,Greenbridge Services,Nora Hughes,Partner,47384.99,28412.68,153
SO-202503-0075,2025-03-24,EMEA,Germany,Enterprise,Services,Enablement Workshop,Silvergate Media,Amira Shah,Partner,30192.24,14270.68,9
SO-202503-0080,2025-03-25,EMEA,Netherlands,Enterprise,Hardware,Field Tablet,Greenbridge Services,Nora Hughes,Partner,20826.29,6808.99,25
SO-202503-0089,2025-03-25,Americas,Brazil,SMB,Software,Analytics Suite,Greenbridge Services,Diego Lopez,Partner,45337.41,28880.97,146
SO-202503-0098,2025-03-25,APAC,Singapore,Mid-Market,Services,Data Migration,Summit Foods,Kenji Sato,Online,159651.58,65655.38,53
SO-202503-0099,2025-03-25,APAC,Singapore,SMB,Hardware,Field Tablet,Clearline Manufacturing,Eva Chen,Direct,35638.62,11358.80,64
SO-202503-0077,2025-03-27,EMEA,France,Enterprise,Hardware,Sensor Hub,Oakfield Distribution,Nora Hughes,Direct,165833.28,53356.14,143
SO-202503-0095,2025-03-27,APAC,Australia,Mid-Market,Services,Data Migration,Bluepeak Logistics,Eva Chen,Partner,130734.65,56361.58,43
SO-202503-0079,2025-03-28,EMEA,Netherlands,Enterprise,Services,Data Migration,Clearline Manufacturing,Nora Hughes,Online,109481.77,48486.16,30
SO-202503-0086,2025-03-28,Americas,Canada,SMB,Services,Enablement Workshop,Summit Foods,Noah Reed,Online,110798.90,51389.97,73
SO-202504-0114,2025-04-01,EMEA,Netherlands,Mid-Market,Hardware,Demo Kiosk,Brightlane Travel,Tomas Berger,Online,170630.24,48997.23,145
SO-202504-0126,2025-04-01,APAC,Japan,Mid-Market,Services,Data Migration,Greenbridge Services,Eva Chen,Online,54218.83,22745.44,20
SO-202504-0128,2025-04-01,APAC,Australia,Mid-Market,Hardware,Demo Kiosk,Aster Health,Kenji Sato,Partner,256520.28,71900.19,172
SO-202504-0108,2025-04-02,EMEA,Germany,SMB,Hardware,Field Tablet,Silvergate Media,Tomas Berger,Direct,47892.97,14927.31,97
SO-202504-0110,2025-04-02,EMEA,France,SMB,Hardware,Field Tablet,Redwood Energy,Luca Moretti,Direct,92993.34,29559.57,159
SO-202504-0101,2025-04-04,EMEA,UK,Mid-Market,Software,Forecast Pro,Clearline Manufacturing,Tomas Berger,Direct,41151.04,23606.67,110
SO-202504-0107,2025-04-04,EMEA,Germany,Mid-Market,Software,Forecast Pro,Clearline Manufacturing,Amira Shah,Partner,10210.31,5626.54,27
SO-202504-0111,2025-04-05,EMEA,France,SMB,Software,Analytics Suite,Silvergate Media,Tomas Berger,Online,10159.03,6249.61,39
SO-202504-0121,2025-04-07,Americas,Brazil,Enterprise,Services,Data Migration,Brightlane Travel,Maya Brooks,Online,134057.77,57855.69,33
SO-202504-0122,2025-04-08,Americas,Brazil,Mid-Market,Services,Data Migration,Brightlane Travel,Diego Lopez,Online,379846.91,157310.69,131
SO-202504-0120,2025-04-10,Americas,Canada,SMB,Hardware,Field Tablet,Greenbridge Services,Diego Lopez,Partner,34985.00,10730.38,75
SO-202504-0104,2025-04-11,EMEA,Ireland,Mid-Market,Hardware,Demo Kiosk,Clearline Manufacturing,Nora Hughes,Partner,215189.42,58281.45,155
SO-202504-0105,2025-04-12,EMEA,Ireland,SMB,Software,Forecast Pro,Greenbridge Services,Nora Hughes,Direct,47768.20,27028.26,179
SO-202504-0130,2025-04-12,APAC,Singapore,SMB,Hardware,Sensor Hub,Brightlane Travel,Eva Chen,Direct,64881.90,21851.48,109
SO-202504-0124,2025-04-13,APAC,Japan,SMB,Hardware,Sensor Hub,Bluepeak Logistics,Priya Nair,Direct,111684.10,37967.45,171
SO-202504-0112,2025-04-14,EMEA,Netherlands,SMB,Hardware,Sensor Hub,Northstar Retail,Amira Shah,Online,89020.39,31608.49,168
SO-202504-0100,2025-04-15,EMEA,UK,Mid-Market,Hardware,Sensor Hub,Aster Health,Amira Shah,Partner,88511.68,31777.75,118
SO-202504-0129,2025-04-15,APAC,Australia,Enterprise,Services,Enablement Workshop,Cedar Finance,Kenji Sato,Partner,390319.17,187071.98,116
SO-202504-0109,2025-04-16,EMEA,France,Mid-Market,Software,Forecast Pro,Clearline Manufacturing,Amira Shah,Partner,56104.33,33961.70,167
SO-202504-0102,2025-04-17,EMEA,UK,Mid-Market,Services,Enablement Workshop,Bluepeak Logistics,Amira Shah,Online,35177.52,16071.99,17
SO-202504-0106,2025-04-18,EMEA,Germany,Enterprise,Software,Pipeline IQ,Oakfield Distribution,Nora Hughes,Partner,30597.90,16465.57,74
SO-202504-0116,2025-04-18,Americas,USA,SMB,Hardware,Sensor Hub,Redwood Energy,Noah Reed,Partner,96870.55,31968.43,169
SO-202504-0117,2025-04-18,Americas,USA,SMB,Services,Premium Support,Northstar Retail,Noah Reed,Direct,106231.07,53988.28,79
SO-202504-0125,2025-04-19,APAC,Japan,Enterprise,Services,Premium Support,Greenbridge Services,Eva Chen,Online,230502.90,127041.67,108
SO-202504-0131,2025-04-21,APAC,Singapore,Enterprise,Software,Forecast Pro,Brightlane Travel,Kenji Sato,Direct,49050.19,29129.37,101
SO-202504-0113,2025-04-22,EMEA,Netherlands,Mid-Market,Software,Pipeline IQ,Summit Foods,Luca Moretti,Online,11753.86,6686.68,44
SO-202504-0115,2025-04-22,Americas,USA,SMB,Hardware,Demo Kiosk,Redwood Energy,Noah Reed,Online,148461.58,42242.12,153
SO-202504-0123,2025-04-22,Americas,Brazil,SMB,Hardware,Sensor Hub,Harbor Telecom,Diego Lopez,Online,13945.95,4832.77,29
SO-202504-0127,2025-04-23,APAC,Australia,SMB,Software,Analytics Suite,Cedar Finance,Eva Chen,Online,13461.08,8651.07,46
SO-202504-0132,2025-04-23,APAC,Singapore,Enterprise,Software,Analytics Suite,Oakfield Distribution,Eva Chen,Direct,43333.58,27919.98,74
SO-202504-0119,2025-04-24,Americas,Canada,SMB,Services,Enablement Workshop,Bluepeak Logistics,Noah Reed,Partner,306476.77,139519.61,169
SO-202504-0118,2025-04-25,Americas,Canada,Enterprise,Hardware,Demo Kiosk,Brightlane Travel,Noah Reed,Online,299893.81,84022.48,178
SO-202504-0103,2025-04-28,EMEA,Ireland,Enterprise,Software,Pipeline IQ,Harbor Telecom,Nora Hughes,Partner,50062.13,28603.46,130
SO-202505-0164,2025-05-01,APAC,Singapore,Enterprise,Services,Premium Support,Clearline Manufacturing,Priya Nair,Online,195675.16,100116.56,99
SO-202505-0143,2025-05-04,EMEA,France,SMB,Services,Enablement Workshop,Cedar Finance,Luca Moretti,Online,119459.82,53108.84,74
SO-202505-0144,2025-05-05,EMEA,France,Enterprise,Hardware,Sensor Hub,Aster Health,Tomas Berger,Partner,57819.34,20454.73,54
SO-202505-0148,2025-05-06,Americas,USA,Enterprise,Services,Enablement Workshop,Northstar Retail,Diego Lopez,Partner,407324.20,197452.78,140
SO-202505-0142,2025-05-10,EMEA,France,SMB,Software,Analytics Suite,Brightlane Travel,Tomas Berger,Partner,14608.29,8640.12,46
SO-202505-0135,2025-05-11,EMEA,UK,Mid-Market,Hardware,Field Tablet,Redwood Energy,Luca Moretti,Online,103287.79,31990.12,160
SO-202505-0136,2025-05-11,EMEA,Ireland,Enterprise,Hardware,Demo Kiosk,Aster Health,Nora Hughes,Direct,89191.31,25725.51,42
SO-202505-0149,2025-05-11,Americas,USA,SMB,Software,Forecast Pro,Oakfield Distribution,Noah Reed,Direct,40417.28,23716.31,147
SO-202505-0137,2025-05-12,EMEA,Ireland,Enterprise,Software,Analytics Suite,Bluepeak Logistics,Luca Moretti,Online,53567.70,33212.26,110
SO-202505-0159,2025-05-12,APAC,Japan,SMB,Hardware,Field Tablet,Clearline Manufacturing,Eva Chen,Online,69712.62,21156.06,162
SO-202505-0154,2025-05-13,Americas,Brazil,Mid-Market,Software,Forecast Pro,Bluepeak Logistics,Diego Lopez,Direct,58564.25,34588.46,148
SO-202505-0161,2025-05-13,APAC,Australia,Enterprise,Services,Data Migration,Harbor Telecom,Kenji Sato,Direct,698866.98,314328.86,145
SO-202505-0157,2025-05-14,APAC,Japan,SMB,Hardware,Field Tablet,Aster Health,Kenji Sato,Partner,35145.83,10698.71,80
SO-202505-0150,2025-05-15,Americas,USA,Enterprise,Software,Analytics Suite,Cedar Finance,Maya Brooks,Direct,38992.02,22766.03,68
SO-202505-0156,2025-05-15,Americas,Brazil,Mid-Market,Software,Analytics Suite,Greenbridge Services,Noah Reed,Partner,55585.51,35375.92,125
SO-202505-0160,2025-05-15,APAC,Australia,Enterprise,Services,Data Migration,Harbor Telecom,Priya Nair,Partner,94405.96,40817.85,22
SO-202505-0165,2025-05-15,APAC,Singapore,SMB,Software,Pipeline IQ,Brightlane Travel,Priya Nair,Online,31333.51,16898.33,178
SO-202505-0151,2025-05-17,Americas,Canada,SMB,Services,Data Migration,Oakfield Distribution,Maya Brooks,Partner,205312.37,85990.63,90
SO-202505-0147,2025-05-18,EMEA,Netherlands,Enterprise,Services,Data Migration,Cedar Finance,Nora Hughes,Partner,716922.53,296364.99,166
SO-202505-0138,2025-05-20,EMEA,Ireland,SMB,Services,Data Migration,Northstar Retail,Amira Shah,Partner,389479.88,172666.45,161
SO-202505-0140,2025-05-20,EMEA,Germany,Mid-Market,Services,Premium Support,Bluepeak Logistics,Luca Moretti,Online,146968.83,80811.43,88
SO-202505-0146,2025-05-20,EMEA,Netherlands,SMB,Hardware,Demo Kiosk,Northstar Retail,Amira Shah,Online,112875.95,32341.30,118
SO-202505-0152,2025-05-21,Americas,Canada,SMB,Services,Data Migration,Clearline Manufacturing,Maya Brooks,Direct,375736.41,165720.31,143
SO-202505-0145,2025-05-22,EMEA,Netherlands,SMB,Software,Forecast Pro,Aster Health,Amira Shah,Direct,10021.63,5700.52,34
SO-202505-0133,2025-05-24,EMEA,UK,Mid-Market,Services,Enablement Workshop,Aster Health,Nora Hughes,Partner,168293.19,77208.68,70
SO-202505-0141,2025-05-25,EMEA,Germany,Enterprise,Services,Data Migration,Clearline Manufacturing,Luca Moretti,Online,264632.42,113702.57,67
SO-202505-0162,2025-05-25,APAC,Australia,Enterprise,Services,Premium Support,Greenbridge Services,Eva Chen,Online,189864.99,97939.26,87
SO-202505-0163,2025-05-26,APAC,Singapore,Enterprise,Services,Data Migration,Bluepeak Logistics,Kenji Sato,Partner,130561.12,53051.16,34
SO-202505-0139,2025-05-27,EMEA,Germany,SMB,Software,Forecast Pro,Silvergate Media,Luca Moretti,Online,34400.08,20021.04,141
SO-202505-0155,2025-05-27,Americas,Brazil,Mid-Market,Hardware,Demo Kiosk,Bluepeak Logistics,Noah Reed,Direct,54991.49,14886.07,36
SO-202505-0134,2025-05-28,EMEA,UK,Enterprise,Software,Pipeline IQ,Summit Foods,Amira Shah,Partner,37219.15,19914.08,94
SO-202505-0153,2025-05-28,Americas,Canada,Enterprise,Hardware,Field Tablet,Redwood Energy,Maya Brooks,Partner,62637.39,18586.40,68
SO-202505-0158,2025-05-28,APAC,Japan,SMB,Hardware,Sensor Hub,Brightlane Travel,Eva Chen,Direct,24218.53,8459.63,42
SO-202506-0166,2025-06-01,EMEA,UK,Mid-Market,Hardware,Field Tablet,Brightlane Travel,Luca Moretti,Online,51514.83,15040.01,89
SO-202506-0170,2025-06-02,EMEA,Ireland,SMB,Services,Premium Support,Bluepeak Logistics,Tomas Berger,Direct,137693.04,73884.47,100
SO-202506-0177,2025-06-02,EMEA,France,Mid-Market,Services,Data Migration,Oakfield Distribution,Amira Shah,Direct,102966.63,44474.84,28
SO-202506-0182,2025-06-05,Americas,USA,SMB,Software,Forecast Pro,Northstar Retail,Diego Lopez,Partner,14606.15,8530.54,54
SO-202506-0196,2025-06-05,APAC,Singapore,Mid-Market,Software,Forecast Pro,Oakfield Distribution,Priya Nair,Direct,5951.56,3384.09,14
SO-202506-0173,2025-06-08,EMEA,Germany,SMB,Hardware,Sensor Hub,Brightlane Travel,Nora Hughes,Online,47202.28,15215.10,92
SO-202506-0175,2025-06-08,EMEA,France,Mid-Market,Hardware,Demo Kiosk,Silvergate Media,Nora Hughes,Partner,135703.07,39864.45,96
SO-202506-0186,2025-06-10,Americas,Canada,Enterprise,Software,Analytics Suite,Bluepeak Logistics,Diego Lopez,Online,34360.29,21131.06,66
SO-202506-0183,2025-06-11,Americas,USA,SMB,Hardware,Demo Kiosk,Bluepeak Logistics,Diego Lopez,Direct,158455.66,42962.69,128
SO-202506-0171,2025-06-12,EMEA,Ireland,SMB,Hardware,Sensor Hub,Silvergate Media,Luca Moretti,Online,90407.00,32140.70,176
SO-202506-0185,2025-06-12,Americas,Canada,Mid-Market,Services,Enablement Workshop,Bluepeak Logistics,Maya Brooks,Partner,369933.16,166815.87,150
SO-202506-0169,2025-06-13,EMEA,Ireland,Mid-Market,Services,Data Migration,Cedar Finance,Nora Hughes,Direct,439899.69,178752.90,124
SO-202506-0184,2025-06-14,Americas,Canada,SMB,Services,Data Migration,Aster Health,Maya Brooks,Partner,337541.69,136530.38,151
SO-202506-0189,2025-06-15,Americas,Brazil,Enterprise,Hardware,Sensor Hub,Oakfield Distribution,Maya Brooks,Partner,43440.98,14857.11,43
SO-202506-0178,2025-06-16,EMEA,Netherlands,Mid-Market,Software,Pipeline IQ,Greenbridge Services,Nora Hughes,Online,10790.69,5986.33,44
SO-202506-0187,2025-06-16,Americas,Brazil,Mid-Market,Software,Pipeline IQ,Harbor Telecom,Noah Reed,Direct,9408.94,5395.33,30
SO-202506-0181,2025-06-17,Americas,USA,SMB,Hardware,Field Tablet,Summit Foods,Maya Brooks,Partner,36862.51,11496.52,72
SO-202506-0190,2025-06-19,APAC,Japan,Enterprise,Software,Pipeline IQ,Redwood Energy,Priya Nair,Online,20192.93,10846.36,58
SO-202506-0194,2025-06-20,APAC,Australia,Mid-Market,Hardware,Sensor Hub,Summit Foods,Priya Nair,Online,23416.31,7877.32,33
SO-202506-0179,2025-06-21,EMEA,Netherlands,Mid-Market,Software,Forecast Pro,Cedar Finance,Tomas Berger,Partner,50604.79,27722.10,137
SO-202506-0191,2025-06-21,APAC,Japan,Mid-Market,Services,Enablement Workshop,Redwood Energy,Priya Nair,Online,150738.70,68950.55,69
SO-202506-0172,2025-06-22,EMEA,Germany,Mid-Market,Software,Analytics Suite,Cedar Finance,Amira Shah,Online,29701.58,18298.64,86
SO-202506-0180,2025-06-22,EMEA,Netherlands,Enterprise,Hardware,Demo Kiosk,Oakfield Distribution,Tomas Berger,Partner,67858.75,19125.16,36
SO-202506-0192,2025-06-22,APAC,Japan,SMB,Software,Pipeline IQ,Brightlane Travel,Kenji Sato,Partner,9745.13,5487.53,46
SO-202506-0167,2025-06-23,EMEA,UK,Enterprise,Hardware,Field Tablet,Summit Foods,Amira Shah,Direct,168263.48,51569.45,155
SO-202506-0188,2025-06-23,Americas,Brazil,SMB,Services,Data Migration,Redwood Energy,Diego Lopez,Online,80087.61,33646.66,42
SO-202506-0195,2025-06-23,APAC,Australia,Enterprise,Hardware,Sensor Hub,Summit Foods,Kenji Sato,Online,47324.12,15173.83,54
SO-202506-0198,2025-06-24,APAC,Singapore,SMB,Hardware,Field Tablet,Cedar Finance,Kenji Sato,Online,24459.80,7290.15,57
SO-202506-0197,2025-06-25,APAC,Singapore,SMB,Hardware,Demo Kiosk,Bluepeak Logistics,Kenji Sato,Direct,213793.49,61101.07,175
SO-202506-0168,2025-06-26,EMEA,UK,SMB,Services,Enablement Workshop,Summit Foods,Luca Moretti,Partner,160006.92,77286.19,87
SO-202506-0176,2025-06-26,EMEA,France,SMB,Hardware,Demo Kiosk,Harbor Telecom,Nora Hughes,Direct,18989.31,5504.92,16
SO-202506-0193,2025-06-26,APAC,Australia,Enterprise,Services,Enablement Workshop,Cedar Finance,Priya Nair,Partner,465487.64,212214.07,145
SO-202506-0174,2025-06-28,EMEA,Germany,Mid-Market,Hardware,Field Tablet,Summit Foods,Amira Shah,Online,12191.80,3880.72,20
SO-202507-0228,2025-07-02,APAC,Australia,Enterprise,Software,Forecast Pro,Clearline Manufacturing,Kenji Sato,Online,73046.87,41925.93,171
SO-202507-0223,2025-07-04,APAC,Japan,Mid-Market,Services,Premium Support,Silvergate Media,Kenji Sato,Partner,87584.07,44493.19,50
SO-202507-0209,2025-07-05,EMEA,France,Enterprise,Software,Forecast Pro,Brightlane Travel,Nora Hughes,Online,39203.77,22114.88,88
SO-202507-0222,2025-07-05,Americas,Brazil,SMB,Software,Forecast Pro,Bluepeak Logistics,Noah Reed,Direct,1968.19,1077.16,7
SO-202507-0231,2025-07-05,APAC,Singapore,SMB,Hardware,Field Tablet,Brightlane Travel,Eva Chen,Partner,3386.75,1100.08,7
SO-202507-0225,2025-07-06,APAC,Japan,Mid-Market,Hardware,Demo Kiosk,Clearline Manufacturing,Eva Chen,Partner,116422.24,33026.06,85
SO-202507-0210,2025-07-07,EMEA,France,Enterprise,Services,Data Migration,Oakfield Distribution,Luca Moretti,Online,255055.43,108455.41,63
SO-202507-0219,2025-07-07,Americas,Canada,Enterprise,Software,Analytics Suite,Cedar Finance,Diego Lopez,Direct,66313.03,39083.87,111
SO-202507-0227,2025-07-07,APAC,Australia,Enterprise,Hardware,Field Tablet,Cedar Finance,Priya Nair,Partner,32058.76,9766.83,36
SO-202507-0201,2025-07-09,EMEA,UK,Mid-Market,Hardware,Field Tablet,Summit Foods,Tomas Berger,Partner,79870.15,23834.51,112
SO-202507-0212,2025-07-09,EMEA,Netherlands,Enterprise,Hardware,Sensor Hub,Oakfield Distribution,Tomas Berger,Partner,125757.13,42366.12,133
SO-202507-0221,2025-07-09,Americas,Brazil,Enterprise,Hardware,Demo Kiosk,Oakfield Distribution,Noah Reed,Partner,177869.38,48157.65,97
SO-202507-0224,2025-07-09,APAC,Japan,Mid-Market,Software,Pipeline IQ,Summit Foods,Eva Chen,Direct,18781.70,9819.37,63
SO-202507-0229,2025-07-09,APAC,Singapore,Mid-Market,Software,Pipeline IQ,Redwood Energy,Kenji Sato,Online,40384.87,22767.23,162
SO-202507-0200,2025-07-10,EMEA,UK,Mid-Market,Services,Enablement Workshop,Greenbridge Services,Luca Moretti,Online,22060.69,9571.91,10
SO-202507-0206,2025-07-10,EMEA,Germany,Enterprise,Software,Pipeline IQ,Cedar Finance,Luca Moretti,Online,23381.38,13559.65,67
SO-202507-0203,2025-07-11,EMEA,Ireland,Mid-Market,Hardware,Field Tablet,Harbor Telecom,Luca Moretti,Online,109656.63,33280.05,180
SO-202507-0205,2025-07-12,EMEA,Germany,Mid-Market,Services,Data Migration,Northstar Retail,Amira Shah,Partner,146279.07,63862.64,48
SO-202507-0204,2025-07-13,EMEA,Ireland,SMB,Services,Premium Support,Bluepeak Logistics,Luca Moretti,Online,96350.09,47535.89,85
SO-202507-0208,2025-07-13,EMEA,France,SMB,Software,Pipeline IQ,Greenbridge Services,Amira Shah,Partner,37925.95,21348.04,174
SO-202507-0217,2025-07-15,Americas,Canada,Enterprise,Software,Pipeline IQ,Bluepeak Logistics,Maya Brooks,Direct,24448.46,14111.71,58
SO-202507-0226,2025-07-16,APAC,Australia,Mid-Market,Hardware,Sensor Hub,Greenbridge Services,Kenji Sato,Partner,129931.74,43533.11,172
SO-202507-0213,2025-07-17,EMEA,Netherlands,SMB,Services,Enablement Workshop,Redwood Energy,Tomas Berger,Online,195922.35,95228.75,137
SO-202507-0214,2025-07-17,Americas,USA,SMB,Software,Pipeline IQ,Cedar Finance,Diego Lopez,Partner,13779.04,7903.88,69
SO-202507-0207,2025-07-18,EMEA,Germany,Enterprise,Services,Premium Support,Brightlane Travel,Tomas Berger,Online,369960.26,201056.69,157
SO-202507-0211,2025-07-18,EMEA,Netherlands,Enterprise,Services,Premium Support,Brightlane Travel,Amira Shah,Partner,438429.44,225685.96,172
SO-202507-0230,2025-07-18,APAC,Singapore,Enterprise,Services,Premium Support,Brightlane Travel,Kenji Sato,Partner,313291.91,154252.45,132
SO-202507-0199,2025-07-19,EMEA,UK,Enterprise,Software,Pipeline IQ,Silvergate Media,Luca Moretti,Direct,56537.04,31446.77,144
SO-202507-0216,2025-07-19,Americas,USA,Mid-Market,Software,Analytics Suite,Summit Foods,Maya Brooks,Partner,33996.90,20685.93,77
SO-202507-0220,2025-07-20,Americas,Brazil,Enterprise,Services,Premium Support,Clearline Manufacturing,Noah Reed,Direct,150762.15,78318.02,53
SO-202507-0202,2025-07-21,EMEA,Ireland,Enterprise,Services,Premium Support,Greenbridge Services,Amira Shah,Direct,190905.17,101398.67,67
SO-202507-0215,2025-07-25,Americas,USA,Enterprise,Services,Premium Support,Greenbridge Services,Noah Reed,Partner,233604.56,123134.81,103
SO-202507-0218,2025-07-28,Americas,Canada,SMB,Hardware,Field Tablet,Redwood Energy,Diego Lopez,Online,49602.12,15554.16,117
SO-202508-0235,2025-08-01,EMEA,Ireland,Enterprise,Services,Enablement Workshop,Greenbridge Services,Amira Shah,Direct,465373.40,223964.48,136
SO-202508-0254,2025-08-01,Americas,Brazil,Enterprise,Hardware,Sensor Hub,Summit Foods,Maya Brooks,Partner,181126.48,64851.07,172
SO-202508-0244,2025-08-02,EMEA,Netherlands,Enterprise,Software,Pipeline IQ,Bluepeak Logistics,Nora Hughes,Online,51013.19,26778.05,158
SO-202508-0249,2025-08-02,Americas,USA,Mid-Market,Services,Data Migration,Cedar Finance,Diego Lopez,Direct,375128.73,152729.01,110
SO-202508-0256,2025-08-02,APAC,Japan,Mid-Market,Services,Premium Support,Summit Foods,Eva Chen,Direct,318130.95,166468.28,156
SO-202508-0261,2025-08-02,APAC,Australia,SMB,Services,Data Migration,Clearline Manufacturing,Kenji Sato,Online,77385.49,33306.36,36
SO-202508-0251,2025-08-05,Americas,Canada,Mid-Market,Services,Premium Support,Brightlane Travel,Noah Reed,Partner,51738.04,27647.56,28
SO-202508-0253,2025-08-05,Americas,Brazil,Mid-Market,Services,Enablement Workshop,Greenbridge Services,Diego Lopez,Direct,30775.62,14947.46,12
SO-202508-0240,2025-08-06,EMEA,Germany,Mid-Market,Software,Forecast Pro,Silvergate Media,Nora Hughes,Partner,57935.71,33386.79,161
SO-202508-0241,2025-08-06,EMEA,France,SMB,Services,Enablement Workshop,Silvergate Media,Amira Shah,Direct,38770.55,18510.92,19
SO-202508-0248,2025-08-07,Americas,USA,Enterprise,Services,Enablement Workshop,Clearline Manufacturing,Diego Lopez,Partner,452873.73,210987.48,138
SO-202508-0233,2025-08-08,EMEA,UK,Enterprise,Hardware,Demo Kiosk,Brightlane Travel,Tomas Berger,Partner,71933.82,20058.29,36
SO-202508-0262,2025-08-08,APAC,Singapore,SMB,Software,Forecast Pro,Northstar Retail,Eva Chen,Partner,1467.99,846.20,6
SO-202508-0264,2025-08-08,APAC,Singapore,Enterprise,Services,Enablement Workshop,Clearline Manufacturing,Kenji Sato,Direct,23435.63,10657.53,7
SO-202508-0252,2025-08-09,Americas,Canada,SMB,Services,Enablement Workshop,Brightlane Travel,Noah Reed,Partner,28640.75,12671.89,17
SO-202508-0257,2025-08-09,APAC,Japan,SMB,Software,Analytics Suite,Bluepeak Logistics,Kenji Sato,Online,3281.29,1977.30,12
SO-202508-0243,2025-08-10,EMEA,France,SMB,Software,Forecast Pro,Summit Foods,Tomas Berger,Partner,28829.13,16443.87,122
SO-202508-0258,2025-08-10,APAC,Japan,SMB,Services,Enablement Workshop,Cedar Finance,Eva Chen,Direct,232341.25,104903.94,121
SO-202508-0236,2025-08-14,EMEA,Ireland,SMB,Hardware,Field Tablet,Aster Health,Tomas Berger,Partner,79294.06,23795.53,174
SO-202508-0250,2025-08-14,Americas,Canada,Enterprise,Hardware,Sensor Hub,Northstar Retail,Maya Brooks,Online,33471.61,11057.73,40
SO-202508-0232,2025-08-15,EMEA,UK,SMB,Software,Forecast Pro,Bluepeak Logistics,Amira Shah,Online,5949.21,3431.07,25
SO-202508-0263,2025-08-16,APAC,Singapore,Enterprise,Services,Enablement Workshop,Oakfield Distribution,Eva Chen,Online,433695.92,206957.23,156
SO-202508-0259,2025-08-19,APAC,Australia,Mid-Market,Software,Forecast Pro,Clearline Manufacturing,Priya Nair,Online,43657.46,26371.41,138
SO-202508-0234,2025-08-20,EMEA,UK,Enterprise,Services,Premium Support,Northstar Retail,Luca Moretti,Direct,141538.31,69187.80,58
SO-202508-0239,2025-08-20,EMEA,Germany,Mid-Market,Software,Pipeline IQ,Cedar Finance,Luca Moretti,Partner,48415.31,26834.82,156
SO-202508-0237,2025-08-22,EMEA,Ireland,SMB,Hardware,Demo Kiosk,Summit Foods,Luca Moretti,Partner,100126.27,28751.92,101
SO-202508-0245,2025-08-22,EMEA,Netherlands,SMB,Services,Enablement Workshop,Silvergate Media,Amira Shah,Online,33064.97,14553.11,23
SO-202508-0246,2025-08-22,EMEA,Netherlands,SMB,Software,Pipeline IQ,Northstar Retail,Luca Moretti,Direct,11455.70,5966.22,46
SO-202508-0260,2025-08-22,APAC,Australia,SMB,Hardware,Demo Kiosk,Northstar Retail,Priya Nair,Online,128028.37,35747.04,145
SO-202508-0255,2025-08-23,Americas,Brazil,Enterprise,Hardware,Demo Kiosk,Northstar Retail,Noah Reed,Direct,216260.96,58247.70,96
SO-202508-0247,2025-08-24,Americas,USA,Mid-Market,Services,Data Migration,Redwood Energy,Diego Lopez,Partner,95644.14,43162.46,31
SO-202508-0238,2025-08-25,EMEA,Germany,Enterprise,Services,Enablement Workshop,Harbor Telecom,Amira Shah,Direct,480733.37,230240.19,126
SO-202508-0242,2025-08-25,EMEA,France,Enterprise,Services,Premium Support,Clearline Manufacturing,Luca Moretti,Partner,268707.17,139491.09,112
SO-202509-0268,2025-09-01,EMEA,Ireland,Mid-Market,Services,Premium Support,Greenbridge Services,Luca Moretti,Online,153544.16,80364.44,102
SO-202509-0297,2025-09-01,APAC,Singapore,Enterprise,Services,Premium Support,Clearline Manufacturing,Eva Chen,Online,84059.82,46018.88,36
SO-202509-0280,2025-09-02,Americas,USA,SMB,Services,Enablement Workshop,Bluepeak Logistics,Maya Brooks,Partner,241905.11,111638.93,137
SO-202509-0272,2025-09-03,EMEA,Germany,SMB,Software,Forecast Pro,Clearline Manufacturing,Tomas Berger,Direct,40653.37,22347.60,148
SO-202509-0269,2025-09-04,EMEA,Ireland,Enterprise,Hardware,Demo Kiosk,Bluepeak Logistics,Amira Shah,Direct,286263.25,81478.53,138
SO-202509-0270,2025-09-05,EMEA,Ireland,SMB,Software,Pipeline IQ,Summit Foods,Luca Moretti,Online,28381.34,15816.15,138
SO-202509-0276,2025-09-05,EMEA,France,SMB,Software,Pipeline IQ,Cedar Finance,Luca Moretti,Direct,36527.84,19181.05,167
SO-202509-0293,2025-09-10,APAC,Australia,SMB,Services,Enablement Workshop,Brightlane Travel,Priya Nair,Partner,265346.98,128533.70,159
SO-202509-0291,2025-09-11,APAC,Japan,Enterprise,Software,Forecast Pro,Brightlane Travel,Eva Chen,Direct,50912.97,30774.50,100
SO-202509-0277,2025-09-12,EMEA,Netherlands,SMB,Software,Pipeline IQ,Oakfield Distribution,Amira Shah,Online,15063.03,8747.50,87
SO-202509-0279,2025-09-13,EMEA,Netherlands,Enterprise,Software,Pipeline IQ,Greenbridge Services,Luca Moretti,Online,10630.44,6083.66,33
SO-202509-0290,2025-09-13,APAC,Japan,Mid-Market,Services,Data Migration,Northstar Retail,Eva Chen,Online,136146.17,58627.99,46
SO-202509-0292,2025-09-13,APAC,Australia,Mid-Market,Hardware,Field Tablet,Oakfield Distribution,Eva Chen,Partner,30658.09,9336.55,49
SO-202509-0271,2025-09-14,EMEA,Germany,SMB,Hardware,Demo Kiosk,Summit Foods,Amira Shah,Direct,116416.34,31259.89,100
SO-202509-0273,2025-09-14,EMEA,Germany,Enterprise,Services,Premium Support,Greenbridge Services,Tomas Berger,Online,105066.85,51385.65,45
SO-202509-0267,2025-09-15,EMEA,UK,Mid-Market,Services,Data Migration,Redwood Energy,Amira Shah,Online,438987.07,181028.49,143
SO-202509-0274,2025-09-17,EMEA,France,Mid-Market,Software,Pipeline IQ,Oakfield Distribution,Luca Moretti,Partner,50061.24,25904.33,167
SO-202509-0284,2025-09-17,Americas,Canada,Enterprise,Hardware,Field Tablet,Cedar Finance,Diego Lopez,Partner,27992.75,8688.02,30
SO-202509-0294,2025-09-17,APAC,Australia,SMB,Services,Enablement Workshop,Redwood Energy,Eva Chen,Online,188566.95,91866.69,117
SO-202509-0283,2025-09-20,Americas,Canada,Enterprise,Hardware,Sensor Hub,Clearline Manufacturing,Diego Lopez,Partner,95046.79,31024.57,89
SO-202509-0295,2025-09-20,APAC,Singapore,Mid-Market,Services,Premium Support,Redwood Energy,Eva Chen,Partner,143964.69,70588.94,85
SO-202509-0266,2025-09-21,EMEA,UK,SMB,Software,Pipeline IQ,Northstar Retail,Tomas Berger,Partner,18565.13,9680.07,98
SO-202509-0275,2025-09-21,EMEA,France,Mid-Market,Services,Premium Support,Cedar Finance,Tomas Berger,Online,67403.45,35046.35,38
SO-202509-0282,2025-09-21,Americas,USA,SMB,Software,Analytics Suite,Silvergate Media,Diego Lopez,Partner,36032.05,21566.53,127
SO-202509-0278,2025-09-22,EMEA,Netherlands,Enterprise,Services,Enablement Workshop,Oakfield Distribution,Luca Moretti,Online,175100.65,80409.12,59
SO-202509-0288,2025-09-23,Americas,Brazil,Enterprise,Software,Analytics Suite,Oakfield Distribution,Diego Lopez,Direct,50317.25,30263.99,79
SO-202509-0265,2025-09-24,EMEA,UK,Enterprise,Hardware,Field Tablet,Clearline Manufacturing,Tomas Berger,Online,112137.97,36639.60,129
SO-202509-0285,2025-09-24,Americas,Canada,SMB,Services,Enablement Workshop,Silvergate Media,Noah Reed,Direct,120021.91,58483.63,69
SO-202509-0287,2025-09-24,Americas,Brazil,Mid-Market,Hardware,Field Tablet,Redwood Energy,Diego Lopez,Partner,112219.35,36197.10,162
SO-202509-0281,2025-09-25,Americas,USA,Mid-Market,Hardware,Field Tablet,Greenbridge Services,Noah Reed,Online,9737.21,3067.71,17
SO-202509-0296,2025-09-25,APAC,Singapore,Mid-Market,Software,Analytics Suite,Harbor Telecom,Kenji Sato,Direct,32505.82,20594.26,67
SO-202509-0286,2025-09-28,Americas,Brazil,Mid-Market,Services,Data Migration,Redwood Energy,Diego Lopez,Direct,174577.02,72669.05,52
SO-202509-0289,2025-09-28,APAC,Japan,Mid-Market,Hardware,Field Tablet,Bluepeak Logistics,Eva Chen,Partner,71843.49,20941.21,119
SO-202510-0315,2025-10-02,Americas,USA,Mid-Market,Hardware,Field Tablet,Northstar Retail,Noah Reed,Direct,100044.77,30455.38,130
SO-202510-0322,2025-10-02,APAC,Japan,Enterprise,Services,Enablement Workshop,Aster Health,Eva Chen,Partner,442841.05,207878.38,151
SO-202510-0311,2025-10-04,EMEA,Netherlands,SMB,Hardware,Sensor Hub,Bluepeak Logistics,Nora Hughes,Direct,72232.53,24442.22,127
SO-202510-0328,2025-10-04,APAC,Singapore,SMB,Software,Analytics Suite,Harbor Telecom,Eva Chen,Partner,8099.37,5082.72,28
SO-202510-0304,2025-10-05,EMEA,Germany,Enterprise,Services,Enablement Workshop,Oakfield Distribution,Amira Shah,Online,192011.48,92526.46,66
SO-202510-0330,2025-10-05,APAC,Singapore,SMB,Software,Pipeline IQ,Summit Foods,Eva Chen,Direct,17096.18,9881.20,81
SO-202510-0301,2025-10-06,EMEA,Ireland,Mid-Market,Software,Pipeline IQ,Northstar Retail,Luca Moretti,Online,6441.55,3718.03,24
SO-202510-0309,2025-10-06,EMEA,France,Mid-Market,Services,Enablement Workshop,Summit Foods,Luca Moretti,Direct,317542.96,138409.27,133
SO-202510-0310,2025-10-06,EMEA,Netherlands,Mid-Market,Hardware,Field Tablet,Northstar Retail,Luca Moretti,Partner,61243.28,18445.26,95
SO-202510-0312,2025-10-06,EMEA,Netherlands,Enterprise,Software,Analytics Suite,Redwood Energy,Tomas Berger,Partner,24270.13,15641.65,46
SO-202510-0313,2025-10-06,Americas,USA,Enterprise,Hardware,Field Tablet,Clearline Manufacturing,Diego Lopez,Online,15069.75,4411.11,17
SO-202510-0314,2025-10-08,Americas,USA,Enterprise,Services,Premium Support,Northstar Retail,Diego Lopez,Direct,393567.28,209476.03,142
SO-202510-0324,2025-10-08,APAC,Japan,Mid-Market,Services,Premium Support,Silvergate Media,Kenji Sato,Direct,213175.52,112615.42,107
SO-202510-0327,2025-10-08,APAC,Australia,Enterprise,Services,Enablement Workshop,Aster Health,Priya Nair,Partner,184230.59,88738.65,62
SO-202510-0300,2025-10-09,EMEA,UK,SMB,Hardware,Demo Kiosk,Northstar Retail,Tomas Berger,Online,43476.62,12348.65,45
SO-202510-0320,2025-10-09,Americas,Brazil,Enterprise,Software,Pipeline IQ,Summit Foods,Diego Lopez,Direct,3356.09,1782.95,8
SO-202510-0317,2025-10-11,Americas,Canada,Mid-Market,Services,Premium Support,Northstar Retail,Noah Reed,Partner,293715.38,154700.13,155
SO-202510-0307,2025-10-12,EMEA,France,SMB,Software,Forecast Pro,Bluepeak Logistics,Amira Shah,Direct,12027.18,7010.49,42
SO-202510-0299,2025-10-14,EMEA,UK,Mid-Market,Software,Forecast Pro,Cedar Finance,Nora Hughes,Direct,11742.17,7052.28,32
SO-202510-0308,2025-10-14,EMEA,France,Mid-Market,Software,Forecast Pro,Harbor Telecom,Amira Shah,Online,35880.47,20937.69,105
SO-202510-0321,2025-10-17,Americas,Brazil,SMB,Hardware,Field Tablet,Summit Foods,Noah Reed,Online,65562.47,19830.92,163
SO-202510-0316,2025-10-19,Americas,Canada,Enterprise,Services,Premium Support,Oakfield Distribution,Noah Reed,Online,106668.64,56234.48,53
SO-202510-0323,2025-10-20,APAC,Japan,Enterprise,Services,Enablement Workshop,Brightlane Travel,Priya Nair,Direct,50896.22,23163.04,14
SO-202510-0298,2025-10-21,EMEA,UK,SMB,Hardware,Sensor Hub,Brightlane Travel,Nora Hughes,Partner,37523.51,12716.34,69
SO-202510-0302,2025-10-21,EMEA,Ireland,SMB,Hardware,Demo Kiosk,Summit Foods,Luca Moretti,Direct,51519.24,14229.74,47
SO-202510-0326,2025-10-21,APAC,Australia,SMB,Hardware,Field Tablet,Aster Health,Eva Chen,Partner,26672.12,8557.82,59
SO-202510-0329,2025-10-22,APAC,Singapore,Mid-Market,Software,Analytics Suite,Brightlane Travel,Eva Chen,Direct,52248.77,32005.65,113
SO-202510-0303,2025-10-23,EMEA,Ireland,Mid-Market,Hardware,Sensor Hub,Redwood Energy,Tomas Berger,Direct,133271.87,42962.92,151
SO-202510-0318,2025-10-23,Americas,Canada,Mid-Market,Hardware,Sensor Hub,Oakfield Distribution,Maya Brooks,Direct,137801.66,47372.54,160
SO-202510-0305,2025-10-25,EMEA,Germany,Mid-Market,Services,Enablement Workshop,Brightlane Travel,Amira Shah,Direct,310522.91,147970.45,118
SO-202510-0325,2025-10-26,APAC,Australia,Mid-Market,Hardware,Sensor Hub,Oakfield Distribution,Priya Nair,Partner,97239.24,33355.79,137
SO-202510-0319,2025-10-27,Americas,Brazil,Enterprise,Services,Enablement Workshop,Northstar Retail,Noah Reed,Direct,309909.24,134625.51,87
SO-202510-0306,2025-10-28,EMEA,Germany,Enterprise,Hardware,Demo Kiosk,Harbor Telecom,Tomas Berger,Direct,77298.91,22734.31,38
SO-202511-0331,2025-11-03,EMEA,UK,Enterprise,Hardware,Field Tablet,Bluepeak Logistics,Amira Shah,Partner,40106.74,12238.45,43
SO-202511-0345,2025-11-03,EMEA,Netherlands,Mid-Market,Software,Forecast Pro,Aster Health,Luca Moretti,Partner,7859.73,4564.79,23
SO-202511-0338,2025-11-04,EMEA,Germany,Mid-Market,Services,Data Migration,Aster Health,Nora Hughes,Online,231589.24,101374.45,79
SO-202511-0346,2025-11-06,Americas,USA,Enterprise,Services,Data Migration,Brightlane Travel,Diego Lopez,Partner,541417.48,246297.55,131
SO-202511-0348,2025-11-06,Americas,USA,Enterprise,Hardware,Sensor Hub,Redwood Energy,Noah Reed,Online,101611.74,33114.49,101
SO-202511-0344,2025-11-07,EMEA,Netherlands,Mid-Market,Services,Premium Support,Cedar Finance,Amira Shah,Direct,14519.56,7956.22,7
SO-202511-0337,2025-11-08,EMEA,Germany,Mid-Market,Software,Pipeline IQ,Redwood Energy,Amira Shah,Online,17387.87,10084.25,66
SO-202511-0333,2025-11-09,EMEA,UK,Enterprise,Services,Data Migration,Northstar Retail,Luca Moretti,Online,191346.24,78218.13,47
SO-202511-0341,2025-11-11,EMEA,France,Mid-Market,Hardware,Sensor Hub,Harbor Telecom,Luca Moretti,Online,86794.43,30918.97,120
SO-202511-0350,2025-11-11,Americas,Canada,SMB,Software,Forecast Pro,Oakfield Distribution,Noah Reed,Direct,54671.69,31205.87,179
SO-202511-0336,2025-11-12,EMEA,Ireland,Enterprise,Hardware,Sensor Hub,Cedar Finance,Luca Moretti,Online,76745.34,27493.22,84
SO-202511-0334,2025-11-13,EMEA,Ireland,SMB,Services,Data Migration,Silvergate Media,Tomas Berger,Online,16715.76,7004.79,8
SO-202511-0358,2025-11-14,APAC,Australia,SMB,Software,Analytics Suite,Aster Health,Kenji Sato,Direct,40087.64,24970.01,122
SO-202511-0362,2025-11-15,APAC,Singapore,Mid-Market,Software,Analytics Suite,Brightlane Travel,Priya Nair,Online,71843.88,45219.74,180
SO-202511-0360,2025-11-17,APAC,Australia,SMB,Services,Data Migration,Northstar Retail,Eva Chen,Partner,26149.68,10906.44,11
SO-202511-0361,2025-11-17,APAC,Singapore,Enterprise,Software,Forecast Pro,Harbor Telecom,Priya Nair,Direct,33356.25,19175.01,57
SO-202511-0339,2025-11-20,EMEA,Germany,Enterprise,Hardware,Demo Kiosk,Clearline Manufacturing,Nora Hughes,Online,311420.69,88915.60,166
SO-202511-0352,2025-11-20,Americas,Brazil,Mid-Market,Software,Analytics Suite,Bluepeak Logistics,Diego Lopez,Partner,37652.06,23192.04,97
SO-202511-0355,2025-11-20,APAC,Japan,Enterprise,Services,Data Migration,Brightlane Travel,Priya Nair,Online,168383.24,76030.34,48
SO-202511-0359,2025-11-20,APAC,Australia,Mid-Market,Software,Forecast Pro,Bluepeak Logistics,Kenji Sato,Online,31734.47,18837.77,93
SO-202511-0356,2025-11-21,APAC,Japan,Mid-Market,Software,Forecast Pro,Cedar Finance,Eva Chen,Direct,9509.44,5402.16,23
SO-202511-0357,2025-11-22,APAC,Japan,Mid-Market,Services,Data Migration,Bluepeak Logistics,Priya Nair,Online,403515.33,181861.18,141
SO-202511-0335,2025-11-23,EMEA,Ireland,SMB,Hardware,Demo Kiosk,Harbor Telecom,Amira Shah,Direct,178637.67,49247.59,161
SO-202511-0332,2025-11-24,EMEA,UK,Mid-Market,Services,Enablement Workshop,Redwood Energy,Amira Shah,Online,359645.62,161718.45,166
SO-202511-0340,2025-11-24,EMEA,France,Mid-Market,Hardware,Field Tablet,Summit Foods,Tomas Berger,Direct,117414.85,35381.07,154
SO-202511-0347,2025-11-25,Americas,USA,Enterprise,Hardware,Sensor Hub,Aster Health,Diego Lopez,Partner,37375.67,12609.30,37
SO-202511-0363,2025-11-25,APAC,Singapore,Enterprise,Software,Forecast Pro,Silvergate Media,Priya Nair,Online,31105.42,17526.64,72
SO-202511-0343,2025-11-26,EMEA,Netherlands,SMB,Software,Analytics Suite,Cedar Finance,Nora Hughes,Online,13967.40,9043.82,57
SO-202511-0351,2025-11-26,Americas,Canada,SMB,Software,Forecast Pro,Greenbridge Services,Maya Brooks,Online,13399.16,8136.35,56
SO-202511-0353,2025-11-26,Americas,Brazil,Enterprise,Services,Premium Support,Aster Health,Noah Reed,Online,198571.82,105056.22,86
SO-202511-0342,2025-11-27,EMEA,France,SMB,Services,Enablement Workshop,Northstar Retail,Luca Moretti,Online,161691.87,77123.87,96
SO-202511-0354,2025-11-27,Americas,Brazil,SMB,Hardware,Demo Kiosk,Aster Health,Diego Lopez,Direct,103521.92,27894.56,88
SO-202511-0349,2025-11-28,Americas,Canada,Enterprise,Hardware,Field Tablet,Greenbridge Services,Diego Lopez,Partner,31807.73,9472.33,34
SO-202512-0367,2025-12-01,EMEA,Ireland,SMB,Services,Premium Support,Harbor Telecom,Luca Moretti,Direct,48205.49,23645.99,35
SO-202512-0376,2025-12-01,EMEA,Netherlands,SMB,Services,Enablement Workshop,Bluepeak Logistics,Tomas Berger,Online,140971.29,64296.65,88
SO-202512-0388,2025-12-01,APAC,Japan,SMB,Hardware,Demo Kiosk,Northstar Retail,Priya Nair,Online,49790.15,14260.09,49
SO-202512-0396,2025-12-01,APAC,Singapore,Mid-Market,Services,Premium Support,Cedar Finance,Priya Nair,Online,183145.94,92384.70,116
SO-202512-0380,2025-12-02,Americas,USA,Enterprise,Software,Pipeline IQ,Brightlane Travel,Noah Reed,Partner,30719.45,17454.22,79
SO-202512-0394,2025-12-02,APAC,Singapore,SMB,Software,Pipeline IQ,Cedar Finance,Kenji Sato,Online,14441.66,8168.65,77
SO-202512-0387,2025-12-06,Americas,Brazil,SMB,Hardware,Demo Kiosk,Oakfield Distribution,Diego Lopez,Partner,97440.00,26998.22,88
SO-202512-0368,2025-12-07,EMEA,Ireland,Mid-Market,Services,Premium Support,Northstar Retail,Nora Hughes,Online,65267.43,33296.56,43
SO-202512-0374,2025-12-10,EMEA,France,Enterprise,Services,Data Migration,Redwood Energy,Amira Shah,Online,611725.29,263640.69,151
SO-202512-0384,2025-12-10,Americas,Canada,Enterprise,Hardware,Sensor Hub,Clearline Manufacturing,Diego Lopez,Online,129248.21,46243.96,149
SO-202512-0390,2025-12-10,APAC,Japan,SMB,Software,Forecast Pro,Brightlane Travel,Eva Chen,Partner,4960.47,2896.39,19
SO-202512-0369,2025-12-11,EMEA,Ireland,SMB,Services,Data Migration,Redwood Energy,Amira Shah,Partner,87280.10,39495.53,38
SO-202512-0372,2025-12-11,EMEA,Germany,SMB,Hardware,Sensor Hub,Clearline Manufacturing,Amira Shah,Online,25700.92,8497.19,49
SO-202512-0382,2025-12-11,Americas,Canada,Enterprise,Software,Analytics Suite,Oakfield Distribution,Noah Reed,Partner,104529.60,66290.99,179
SO-202512-0383,2025-12-11,Americas,Canada,Enterprise,Software,Forecast Pro,Northstar Retail,Maya Brooks,Direct,60907.34,35265.21,121
SO-202512-0371,2025-12-15,EMEA,Germany,SMB,Services,Data Migration,Summit Foods,Tomas Berger,Partner,23568.25,10012.61,11
SO-202512-0393,2025-12-16,APAC,Australia,SMB,Software,Forecast Pro,Greenbridge Services,Eva Chen,Partner,2456.99,1381.26,9
SO-202512-0386,2025-12-18,Americas,Brazil,Mid-Market,Hardware,Field Tablet,Oakfield Distribution,Diego Lopez,Direct,69419.69,21785.53,100
SO-202512-0381,2025-12-19,Americas,USA,Mid-Market,Services,Data Migration,Silvergate Media,Maya Brooks,Direct,558154.74,225668.83,157
SO-202512-0365,2025-12-21,EMEA,UK,Mid-Market,Hardware,Field Tablet,Brightlane Travel,Amira Shah,Partner,106794.32,33011.00,169
SO-202512-0377,2025-12-21,EMEA,Netherlands,Mid-Market,Software,Forecast Pro,Summit Foods,Amira Shah,Partner,56401.38,31477.78,147
SO-202512-0379,2025-12-21,Americas,USA,Enterprise,Hardware,Demo Kiosk,Aster Health,Maya Brooks,Direct,262816.15,74332.83,131
SO-202512-0385,2025-12-21,Americas,Brazil,Mid-Market,Software,Pipeline IQ,Brightlane Travel,Diego Lopez,Online,27581.77,14861.77,105
SO-202512-0391,2025-12-21,APAC,Australia,Mid-Market,Software,Pipeline IQ,Greenbridge Services,Eva Chen,Direct,19700.65,11135.95,59
SO-202512-0378,2025-12-22,EMEA,Netherlands,SMB,Software,Forecast Pro,Aster Health,Tomas Berger,Online,24412.87,14554.68,113
SO-202512-0392,2025-12-22,APAC,Australia,Mid-Market,Software,Analytics Suite,Bluepeak Logistics,Kenji Sato,Partner,47917.03,29713.51,117
SO-202512-0364,2025-12-23,EMEA,UK,Enterprise,Software,Pipeline IQ,Northstar Retail,Nora Hughes,Direct,72637.23,38484.28,172
SO-202512-0370,2025-12-23,EMEA,Germany,Enterprise,Services,Enablement Workshop,Clearline Manufacturing,Amira Shah,Partner,237788.26,106191.78,77
SO-202512-0389,2025-12-23,APAC,Japan,Enterprise,Software,Pipeline IQ,Summit Foods,Kenji Sato,Online,7978.45,4219.64,24
SO-202512-0366,2025-12-24,EMEA,UK,Mid-Market,Services,Premium Support,Summit Foods,Nora Hughes,Partner,115002.36,62653.20,71
SO-202512-0373,2025-12-24,EMEA,France,SMB,Services,Data Migration,Aster Health,Amira Shah,Direct,349375.91,145404.39,148
SO-202512-0375,2025-12-26,EMEA,France,Enterprise,Services,Premium Support,Harbor Telecom,Tomas Berger,Direct,297367.01,157295.28,115
SO-202512-0395,2025-12-28,APAC,Singapore,SMB,Hardware,Demo Kiosk,Cedar Finance,Kenji Sato,Direct,76740.88,21280.39,71
SO-202601-0400,2026-01-01,EMEA,Ireland,Mid-Market,Services,Premium Support,Silvergate Media,Luca Moretti,Partner,147703.17,80565.32,92
SO-202601-0424,2026-01-01,APAC,Australia,Enterprise,Hardware,Demo Kiosk,Silvergate Media,Eva Chen,Partner,85195.66,22743.13,47
SO-202601-0404,2026-01-04,EMEA,Germany,Enterprise,Software,Analytics Suite,Northstar Retail,Luca Moretti,Direct,80749.71,51859.40,141
SO-202601-0410,2026-01-05,EMEA,Netherlands,SMB,Hardware,Sensor Hub,Aster Health,Luca Moretti,Partner,66559.15,23090.41,122
SO-202601-0417,2026-01-05,Americas,Canada,Enterprise,Services,Enablement Workshop,Clearline Manufacturing,Diego Lopez,Partner,361415.23,160786.92,118
SO-202601-0413,2026-01-06,Americas,USA,Mid-Market,Software,Analytics Suite,Oakfield Distribution,Maya Brooks,Direct,74751.60,43727.53,177
SO-202601-0399,2026-01-07,EMEA,UK,Mid-Market,Hardware,Demo Kiosk,Silvergate Media,Nora Hughes,Partner,187136.02,52783.00,122
SO-202601-0411,2026-01-07,EMEA,Netherlands,Mid-Market,Hardware,Sensor Hub,Oakfield Distribution,Nora Hughes,Direct,134011.57,45479.96,147
SO-202601-0398,2026-01-09,EMEA,UK,SMB,Services,Data Migration,Harbor Telecom,Amira Shah,Partner,191781.95,78992.53,88
SO-202601-0397,2026-01-10,EMEA,UK,Enterprise,Software,Analytics Suite,Cedar Finance,Tomas Berger,Online,54415.41,35634.91,111
SO-202601-0416,2026-01-10,Americas,Canada,Enterprise,Software,Forecast Pro,Redwood Energy,Noah Reed,Partner,22373.61,12409.61,46
SO-202601-0412,2026-01-11,Americas,USA,SMB,Services,Data Migration,Bluepeak Logistics,Maya Brooks,Online,276152.51,121501.30,128
SO-202601-0408,2026-01-12,EMEA,France,Enterprise,Hardware,Sensor Hub,Bluepeak Logistics,Tomas Berger,Partner,69977.68,24442.89,74
SO-202601-0415,2026-01-14,Americas,Canada,Enterprise,Software,Analytics Suite,Summit Foods,Maya Brooks,Direct,67036.08,42434.27,113
SO-202601-0407,2026-01-16,EMEA,France,Mid-Market,Software,Analytics Suite,Harbor Telecom,Tomas Berger,Direct,60395.59,38482.44,120
SO-202601-0401,2026-01-17,EMEA,Ireland,SMB,Services,Premium Support,Silvergate Media,Amira Shah,Partner,113017.01,56785.35,86
SO-202601-0406,2026-01-17,EMEA,France,Enterprise,Hardware,Sensor Hub,Oakfield Distribution,Luca Moretti,Online,84335.02,29471.79,86
SO-202601-0420,2026-01-18,Americas,Brazil,Enterprise,Services,Premium Support,Oakfield Distribution,Noah Reed,Direct,33766.25,17158.86,12
SO-202601-0422,2026-01-18,APAC,Japan,SMB,Software,Pipeline IQ,Northstar Retail,Kenji Sato,Online,4644.47,2641.79,27
SO-202601-0425,2026-01-18,APAC,Australia,SMB,Services,Data Migration,Redwood Energy,Kenji Sato,Online,36564.75,16283.65,18
SO-202601-0409,2026-01-22,EMEA,Netherlands,SMB,Services,Data Migration,Cedar Finance,Amira Shah,Direct,184323.32,83149.74,75
SO-202601-0419,2026-01-22,Americas,Brazil,SMB,Services,Enablement Workshop,Bluepeak Logistics,Noah Reed,Direct,97578.52,46526.62,56
SO-202601-0428,2026-01-22,APAC,Singapore,Enterprise,Hardware,Sensor Hub,Greenbridge Services,Kenji Sato,Direct,133088.59,42933.83,122
SO-202601-0429,2026-01-22,APAC,Singapore,Mid-Market,Hardware,Sensor Hub,Cedar Finance,Priya Nair,Partner,40537.65,13716.44,54
SO-202601-0421,2026-01-23,APAC,Japan,Mid-Market,Services,Premium Support,Oakfield Distribution,Priya Nair,Direct,86364.53,43304.11,43
SO-202601-0403,2026-01-24,EMEA,Germany,Enterprise,Hardware,Sensor Hub,Summit Foods,Amira Shah,Online,110001.08,36204.03,126
SO-202601-0427,2026-01-24,APAC,Singapore,SMB,Software,Pipeline IQ,Summit Foods,Kenji Sato,Partner,25689.23,14844.45,116
SO-202601-0402,2026-01-26,EMEA,Ireland,Mid-Market,Software,Analytics Suite,Clearline Manufacturing,Tomas Berger,Partner,70223.98,43171.72,175
SO-202601-0423,2026-01-26,APAC,Japan,SMB,Hardware,Sensor Hub,Greenbridge Services,Eva Chen,Partner,13062.04,4484.97,26
SO-202601-0414,2026-01-27,Americas,USA,SMB,Software,Pipeline IQ,Summit Foods,Maya Brooks,Direct,25345.80,14377.07,107
SO-202601-0426,2026-01-27,APAC,Australia,Mid-Market,Services,Premium Support,Cedar Finance,Kenji Sato,Direct,241496.63,126930.10,113
SO-202601-0405,2026-01-28,EMEA,Germany,SMB,Services,Enablement Workshop,Northstar Retail,Amira Shah,Direct,114444.61,53298.50,59
SO-202601-0418,2026-01-28,Americas,Brazil,SMB,Services,Enablement Workshop,Oakfield Distribution,Noah Reed,Direct,281944.20,133807.97,136
SO-202602-0458,2026-02-01,APAC,Australia,SMB,Services,Enablement Workshop,Silvergate Media,Kenji Sato,Partner,245107.91,107729.03,153
SO-202602-0438,2026-02-02,EMEA,Germany,Enterprise,Software,Forecast Pro,Aster Health,Luca Moretti,Partner,23688.10,14449.04,53
SO-202602-0454,2026-02-03,APAC,Japan,SMB,Hardware,Demo Kiosk,Clearline Manufacturing,Kenji Sato,Partner,147802.92,39335.77,134
SO-202602-0460,2026-02-04,APAC,Singapore,SMB,Services,Premium Support,Redwood Energy,Kenji Sato,Direct,240299.38,130422.18,170
SO-202602-0441,2026-02-05,EMEA,France,SMB,Software,Analytics Suite,Harbor Telecom,Amira Shah,Direct,9576.19,6022.46,27
SO-202602-0445,2026-02-05,Americas,USA,Mid-Market,Services,Premium Support,Clearline Manufacturing,Maya Brooks,Online,67841.71,35262.43,39
SO-202602-0443,2026-02-09,EMEA,Netherlands,SMB,Services,Data Migration,Clearline Manufacturing,Nora Hughes,Partner,34304.84,15410.41,16
SO-202602-0450,2026-02-09,Americas,Canada,Mid-Market,Hardware,Demo Kiosk,Summit Foods,Maya Brooks,Partner,26069.86,7354.48,17
SO-202602-0444,2026-02-10,EMEA,Netherlands,SMB,Software,Pipeline IQ,Greenbridge Services,Nora Hughes,Direct,21012.62,11737.68,86
SO-202602-0455,2026-02-10,APAC,Japan,Enterprise,Services,Premium Support,Aster Health,Eva Chen,Online,263568.03,144509.82,120
SO-202602-0434,2026-02-11,EMEA,Ireland,Enterprise,Hardware,Sensor Hub,Cedar Finance,Nora Hughes,Direct,147151.05,51083.73,124
SO-202602-0457,2026-02-12,APAC,Australia,Mid-Market,Hardware,Sensor Hub,Brightlane Travel,Kenji Sato,Online,13797.68,4920.30,20
SO-202602-0432,2026-02-13,EMEA,UK,Mid-Market,Hardware,Field Tablet,Summit Foods,Nora Hughes,Direct,121893.22,37292.69,172
SO-202602-0433,2026-02-13,EMEA,Ireland,Enterprise,Software,Forecast Pro,Greenbridge Services,Tomas Berger,Direct,53169.59,31779.56,92
SO-202602-0447,2026-02-14,Americas,USA,Enterprise,Services,Premium Support,Cedar Finance,Noah Reed,Partner,290595.99,154995.10,116
SO-202602-0449,2026-02-14,Americas,Canada,Enterprise,Services,Enablement Workshop,Greenbridge Services,Maya Brooks,Direct,183497.67,86442.98,50
SO-202602-0431,2026-02-15,EMEA,UK,Mid-Market,Services,Data Migration,Redwood Energy,Tomas Berger,Partner,59455.14,25563.10,21
SO-202602-0436,2026-02-15,EMEA,Germany,Enterprise,Hardware,Sensor Hub,Bluepeak Logistics,Amira Shah,Direct,179855.95,63979.81,152
SO-202602-0439,2026-02-15,EMEA,France,SMB,Hardware,Field Tablet,Oakfield Distribution,Tomas Berger,Direct,59248.80,18929.50,102
SO-202602-0442,2026-02-15,EMEA,Netherlands,Mid-Market,Services,Data Migration,Greenbridge Services,Tomas Berger,Partner,501982.92,212722.44,147
SO-202602-0446,2026-02-17,Americas,USA,Mid-Market,Hardware,Demo Kiosk,Summit Foods,Diego Lopez,Partner,24862.26,6575.67,19
SO-202602-0448,2026-02-19,Americas,Canada,Mid-Market,Hardware,Sensor Hub,Harbor Telecom,Noah Reed,Online,102428.41,36294.28,139
SO-202602-0437,2026-02-21,EMEA,Germany,Enterprise,Hardware,Field Tablet,Harbor Telecom,Tomas Berger,Direct,18410.70,5699.87,19
SO-202602-0452,2026-02-21,Americas,Brazil,Mid-Market,Hardware,Demo Kiosk,Bluepeak Logistics,Diego Lopez,Direct,72978.90,21460.80,44
SO-202602-0440,2026-02-22,EMEA,France,Mid-Market,Services,Enablement Workshop,Oakfield Distribution,Amira Shah,Partner,42367.82,18497.83,17
SO-202602-0451,2026-02-23,Americas,Brazil,Enterprise,Services,Premium Support,Clearline Manufacturing,Diego Lopez,Online,353309.52,181029.44,178
SO-202602-0456,2026-02-24,APAC,Japan,SMB,Software,Forecast Pro,Aster Health,Kenji Sato,Online,33689.27,19619.39,139
SO-202602-0461,2026-02-24,APAC,Singapore,SMB,Services,Data Migration,Clearline Manufacturing,Eva Chen,Online,65488.72,28090.60,33
SO-202602-0453,2026-02-25,Americas,Brazil,Mid-Market,Hardware,Demo Kiosk,Bluepeak Logistics,Diego Lopez,Partner,168267.53,48661.44,123
SO-202602-0435,2026-02-26,EMEA,Ireland,Mid-Market,Hardware,Field Tablet,Redwood Energy,Tomas Berger,Direct,67341.70,21622.78,83
SO-202602-0462,2026-02-26,APAC,Singapore,Mid-Market,Software,Pipeline IQ,Northstar Retail,Eva Chen,Partner,51162.91,28791.07,166
SO-202602-0430,2026-02-28,EMEA,UK,Mid-Market,Hardware,Sensor Hub,Silvergate Media,Luca Moretti,Partner,38269.88,13556.58,52
SO-202602-0459,2026-02-28,APAC,Australia,Enterprise,Software,Analytics Suite,Summit Foods,Eva Chen,Online,31383.11,18683.16,63
SO-202603-0464,2026-03-01,EMEA,UK,Mid-Market,Services,Data Migration,Silvergate Media,Nora Hughes,Online,112744.57,51083.27,40
SO-202603-0467,2026-03-01,EMEA,Ireland,SMB,Hardware,Sensor Hub,Brightlane Travel,Luca Moretti,Partner,61292.36,20745.15,115
SO-202603-0482,2026-03-03,Americas,Canada,Enterprise,Hardware,Field Tablet,Harbor Telecom,Diego Lopez,Online,104381.32,33218.76,129
SO-202603-0484,2026-03-04,Americas,Brazil,SMB,Services,Enablement Workshop,Greenbridge Services,Noah Reed,Direct,234597.86,112504.03,123
SO-202603-0471,2026-03-05,EMEA,Germany,Enterprise,Hardware,Demo Kiosk,Greenbridge Services,Tomas Berger,Online,167598.44,47895.93,98
SO-202603-0473,2026-03-05,EMEA,France,Mid-Market,Software,Analytics Suite,Harbor Telecom,Luca Moretti,Direct,4158.31,2579.68,9
SO-202603-0470,2026-03-07,EMEA,Germany,SMB,Services,Enablement Workshop,Cedar Finance,Luca Moretti,Online,270152.48,121470.41,168
SO-202603-0487,2026-03-08,APAC,Japan,Mid-Market,Software,Pipeline IQ,Silvergate Media,Eva Chen,Direct,39705.88,21804.74,115
SO-202603-0468,2026-03-09,EMEA,Ireland,SMB,Services,Enablement Workshop,Aster Health,Luca Moretti,Partner,67439.82,29733.56,41
SO-202603-0466,2026-03-10,EMEA,Ireland,Mid-Market,Hardware,Demo Kiosk,Greenbridge Services,Nora Hughes,Online,18212.04,5098.95,15
SO-202603-0493,2026-03-11,APAC,Singapore,Mid-Market,Services,Enablement Workshop,Harbor Telecom,Kenji Sato,Online,187938.49,84856.27,95
SO-202603-0469,2026-03-12,EMEA,Germany,Enterprise,Services,Enablement Workshop,Aster Health,Tomas Berger,Online,375777.67,176969.66,119
SO-202603-0479,2026-03-13,Americas,USA,SMB,Hardware,Demo Kiosk,Northstar Retail,Maya Brooks,Partner,72276.58,21307.19,69
SO-202603-0490,2026-03-13,APAC,Australia,Enterprise,Software,Analytics Suite,Redwood Energy,Priya Nair,Direct,88009.62,57083.41,138
SO-202603-0495,2026-03-14,APAC,Singapore,Mid-Market,Hardware,Field Tablet,Aster Health,Priya Nair,Direct,47121.55,14916.98,58
SO-202603-0478,2026-03-15,Americas,USA,Mid-Market,Hardware,Demo Kiosk,Harbor Telecom,Maya Brooks,Online,240885.57,66494.20,175
SO-202603-0483,2026-03-15,Americas,Canada,Mid-Market,Services,Enablement Workshop,Cedar Finance,Maya Brooks,Online,341141.29,163539.19,170
SO-202603-0486,2026-03-18,Americas,Brazil,Mid-Market,Services,Premium Support,Redwood Energy,Noah Reed,Online,18433.08,9027.06,11
SO-202603-0476,2026-03-20,EMEA,Netherlands,SMB,Hardware,Sensor Hub,Cedar Finance,Tomas Berger,Direct,58299.48,20588.37,106
SO-202603-0475,2026-03-23,EMEA,Netherlands,SMB,Software,Analytics Suite,Brightlane Travel,Nora Hughes,Partner,50455.46,33004.24,163
SO-202603-0494,2026-03-23,APAC,Singapore,Mid-Market,Hardware,Sensor Hub,Northstar Retail,Priya Nair,Partner,17882.54,5759.57,23
SO-202603-0485,2026-03-24,Americas,Brazil,SMB,Hardware,Demo Kiosk,Greenbridge Services,Noah Reed,Online,157170.32,46142.02,168
SO-202603-0465,2026-03-25,EMEA,UK,SMB,Hardware,Demo Kiosk,Greenbridge Services,Amira Shah,Online,46460.53,13722.97,47
SO-202603-0492,2026-03-25,APAC,Australia,Mid-Market,Hardware,Demo Kiosk,Bluepeak Logistics,Eva Chen,Partner,75266.31,20098.88,50
SO-202603-0463,2026-03-26,EMEA,UK,Enterprise,Software,Analytics Suite,Silvergate Media,Luca Moretti,Direct,6326.02,4023.14,10
SO-202603-0472,2026-03-26,EMEA,France,SMB,Services,Premium Support,Greenbridge Services,Luca Moretti,Direct,137905.05,68130.31,90
SO-202603-0477,2026-03-26,EMEA,Netherlands,Enterprise,Hardware,Demo Kiosk,Northstar Retail,Luca Moretti,Direct,82517.99,22923.86,42
SO-202603-0480,2026-03-26,Americas,USA,SMB,Software,Forecast Pro,Redwood Energy,Maya Brooks,Direct,5101.45,2939.89,17
SO-202603-0489,2026-03-26,APAC,Japan,Enterprise,Software,Pipeline IQ,Brightlane Travel,Kenji Sato,Direct,76508.73,41396.69,168
SO-202603-0491,2026-03-26,APAC,Australia,SMB,Hardware,Field Tablet,Greenbridge Services,Priya Nair,Direct,30950.70,9391.11,63
SO-202603-0488,2026-03-27,APAC,Japan,Mid-Market,Services,Premium Support,Cedar Finance,Eva Chen,Partner,73750.84,40232.48,44
SO-202603-0474,2026-03-28,EMEA,France,Mid-Market,Software,Analytics Suite,Redwood Energy,Nora Hughes,Direct,78927.41,47101.80,161
SO-202603-0481,2026-03-28,Americas,Canada,SMB,Hardware,Demo Kiosk,Oakfield Distribution,Diego Lopez,Direct,218245.33,62034.43,178
SO-202604-0507,2026-04-01,EMEA,France,Enterprise,Services,Data Migration,Brightlane Travel,Tomas Berger,Partner,131030.49,54937.92,30
SO-202604-0511,2026-04-01,Americas,USA,SMB,Services,Data Migration,Cedar Finance,Noah Reed,Partner,350475.21,159004.84,143
SO-202604-0523,2026-04-01,APAC,Australia,SMB,Software,Analytics Suite,Brightlane Travel,Kenji Sato,Direct,39839.89,25702.39,119
SO-202604-0527,2026-04-01,APAC,Singapore,Enterprise,Services,Premium Support,Clearline Manufacturing,Kenji Sato,Direct,443265.19,233839.11,177
SO-202604-0524,2026-04-03,APAC,Australia,Enterprise,Software,Analytics Suite,Oakfield Distribution,Kenji Sato,Direct,29331.09,18473.10,46
SO-202604-0506,2026-04-06,EMEA,France,Mid-Market,Software,Forecast Pro,Oakfield Distribution,Nora Hughes,Direct,28026.16,16516.87,67
SO-202604-0516,2026-04-06,Americas,Canada,SMB,Software,Pipeline IQ,Clearline Manufacturing,Noah Reed,Online,18716.16,10742.27,92
SO-202604-0517,2026-04-06,Americas,Brazil,Mid-Market,Hardware,Sensor Hub,Silvergate Media,Noah Reed,Online,71068.80,25072.26,111
SO-202604-0520,2026-04-08,APAC,Japan,Mid-Market,Software,Analytics Suite,Clearline Manufacturing,Eva Chen,Partner,30221.04,19489.49,80
SO-202604-0500,2026-04-11,EMEA,Ireland,SMB,Services,Premium Support,Greenbridge Services,Tomas Berger,Partner,100189.34,55016.33,72
SO-202604-0512,2026-04-11,Americas,USA,Mid-Market,Software,Pipeline IQ,Redwood Energy,Maya Brooks,Partner,31979.68,17511.74,103
SO-202604-0497,2026-04-14,EMEA,UK,SMB,Services,Enablement Workshop,Northstar Retail,Tomas Berger,Partner,94363.65,45336.07,59
SO-202604-0503,2026-04-14,EMEA,Germany,SMB,Software,Pipeline IQ,Cedar Finance,Tomas Berger,Direct,28647.56,16521.07,122
SO-202604-0498,2026-04-15,EMEA,UK,Enterprise,Services,Premium Support,Silvergate Media,Nora Hughes,Partner,27514.60,13917.32,12
SO-202604-0518,2026-04-15,Americas,Brazil,Enterprise,Software,Forecast Pro,Aster Health,Diego Lopez,Direct,33145.41,20061.86,65
SO-202604-0496,2026-04-16,EMEA,UK,Mid-Market,Services,Data Migration,Oakfield Distribution,Luca Moretti,Online,131932.19,58950.02,47
SO-202604-0521,2026-04-16,APAC,Japan,SMB,Software,Pipeline IQ,Greenbridge Services,Eva Chen,Online,28879.60,16171.90,149
SO-202604-0522,2026-04-16,APAC,Japan,Mid-Market,Software,Analytics Suite,Bluepeak Logistics,Eva Chen,Partner,18019.29,11435.35,41
SO-202604-0509,2026-04-17,EMEA,Netherlands,Enterprise,Software,Pipeline IQ,Clearline Manufacturing,Nora Hughes,Direct,46677.27,25700.28,112
SO-202604-0513,2026-04-17,Americas,USA,Mid-Market,Hardware,Sensor Hub,Redwood Energy,Noah Reed,Online,41073.27,14709.09,65
SO-202604-0515,2026-04-17,Americas,Canada,SMB,Services,Premium Support,Harbor Telecom,Maya Brooks,Direct,210804.60,111159.07,153
SO-202604-0508,2026-04-18,EMEA,Netherlands,Mid-Market,Hardware,Demo Kiosk,Greenbridge Services,Amira Shah,Direct,15794.26,4229.04,10
SO-202604-0519,2026-04-18,Americas,Brazil,Enterprise,Hardware,Sensor Hub,Clearline Manufacturing,Maya Brooks,Online,65184.07,23266.57,68
SO-202604-0525,2026-04-18,APAC,Australia,SMB,Services,Premium Support,Brightlane Travel,Eva Chen,Online,113601.09,60052.85,90
SO-202604-0510,2026-04-20,EMEA,Netherlands,Enterprise,Services,Premium Support,Oakfield Distribution,Tomas Berger,Direct,255673.15,126955.69,95
SO-202604-0504,2026-04-21,EMEA,Germany,Mid-Market,Software,Analytics Suite,Silvergate Media,Tomas Berger,Direct,64298.30,37995.51,154
SO-202604-0514,2026-04-21,Americas,Canada,Enterprise,Hardware,Demo Kiosk,Summit Foods,Noah Reed,Online,118252.52,32678.46,71
SO-202604-0501,2026-04-22,EMEA,Ireland,SMB,Services,Premium Support,Silvergate Media,Nora Hughes,Online,35788.87,18148.91,34
SO-202604-0505,2026-04-22,EMEA,France,Mid-Market,Software,Forecast Pro,Northstar Retail,Tomas Berger,Partner,13312.19,7774.40,39
SO-202604-0526,2026-04-22,APAC,Singapore,Mid-Market,Software,Forecast Pro,Bluepeak Logistics,Kenji Sato,Direct,38320.38,21291.83,99
SO-202604-0528,2026-04-24,APAC,Singapore,Mid-Market,Hardware,Sensor Hub,Northstar Retail,Priya Nair,Direct,104619.98,37363.57,121
SO-202604-0499,2026-04-26,EMEA,Ireland,SMB,Software,Analytics Suite,Harbor Telecom,Amira Shah,Online,43444.29,28351.94,170
SO-202604-0502,2026-04-27,EMEA,Germany,Enterprise,Software,Analytics Suite,Greenbridge Services,Amira Shah,Online,11345.89,6956.89,23
